run_name,model,target,split,seed,rmse,mae,smape,r2,n_train,n_val,n_dropped_missing
20260422_200747_191713_ridge_future_updrs_1_patient_seed42,ridge,future_updrs_1,patient,42,2.8951503132539953,2.169953671255982,0.5529124204416707,0.6648279981411225,1950,416,249
20260422_200746_663116_linear_regression_future_updrs_1_patient_seed42,linear_regression,future_updrs_1,patient,42,2.944597220503023,2.215017890897565,0.5645508261885979,0.6532812762785474,1950,416,249
20260422_200748_236879_random_forest_future_updrs_1_patient_seed42,random_forest,future_updrs_1,patient,42,2.987284636510653,2.240534855769231,0.5437639712784864,0.6431557440809497,1950,416,249
20260422_200747_503521_lasso_future_updrs_1_patient_seed42,lasso,future_updrs_1,patient,42,3.0655240862814757,2.4204798809233856,0.5620222537340751,0.6242188723671814,1950,416,249
20260422_200745_267867_xgboost_future_updrs_1_patient_seed42,xgboost,future_updrs_1,patient,42,3.2293700939107124,2.362920502070875,0.5760773437465843,0.5829759152020784,1950,416,249
20260422_200746_197454_ridge_future_updrs_1_time_aware_seed42,ridge,future_updrs_1,time_aware,42,3.172697139203853,2.437809745630829,0.4207044521809012,0.7414176287984441,1889,477,249
20260422_200744_762746_linear_regression_future_updrs_1_time_aware_seed42,linear_regression,future_updrs_1,time_aware,42,3.1932207329992903,2.457121108849308,0.42703213188041556,0.7380613647451242,1889,477,249
20260422_200749_783858_random_forest_future_updrs_1_time_aware_seed42,random_forest,future_updrs_1,time_aware,42,3.3786022937184392,2.568888888888889,0.4177008949803407,0.706764987108752,1889,477,249
20260422_200747_823911_lasso_future_updrs_1_time_aware_seed42,lasso,future_updrs_1,time_aware,42,3.5820337780263594,2.6967709239470774,0.42296149164179203,0.6703895035527898,1889,477,249
20260422_200755_954623_xgboost_future_updrs_1_time_aware_seed42,xgboost,future_updrs_1,time_aware,42,3.8448787114748484,2.9353928219612913,0.49853174515836884,0.620241967833405,1889,477,249
20260422_200747_192324_ridge_future_updrs_2_patient_seed42,ridge,future_updrs_2,patient,42,2.398275385176127,1.6998980954632412,0.8403476770496655,0.7982111148561061,1949,416,250
20260422_200747_106257_linear_regression_future_updrs_2_patient_seed42,linear_regression,future_updrs_2,patient,42,2.434676864925243,1.7639547365071615,0.8558525164694415,0.7920390471218318,1949,416,250
20260422_200748_316241_random_forest_future_updrs_2_patient_seed42,random_forest,future_updrs_2,patient,42,2.4599845117554953,1.6611298076923076,0.7801212466703281,0.7876932088749196,1949,416,250
20260422_200747_502951_lasso_future_updrs_2_patient_seed42,lasso,future_updrs_2,patient,42,2.543045027833717,2.0623688156355664,0.8206281318006586,0.7731142391843314,1949,416,250
20260422_200745_260194_xgboost_future_updrs_2_patient_seed42,xgboost,future_updrs_2,patient,42,2.5928880683352404,1.8164530898592113,0.8552430886598094,0.7641332737358741,1949,416,250
20260422_200746_110212_ridge_future_updrs_2_time_aware_seed42,ridge,future_updrs_2,time_aware,42,3.158733958435257,2.2020442320519606,0.605331033051241,0.8255089554322097,1888,477,250
20260422_200746_110612_linear_regression_future_updrs_2_time_aware_seed42,linear_regression,future_updrs_2,time_aware,42,3.1662559347049157,2.2182591425625717,0.6060975515296717,0.8246769257139623,1888,477,250
20260422_200749_862510_random_forest_future_updrs_2_time_aware_seed42,random_forest,future_updrs_2,time_aware,42,3.457931999142237,2.367777777777778,0.6045279335311429,0.7908875256833547,1888,477,250
20260422_200747_823766_lasso_future_updrs_2_time_aware_seed42,lasso,future_updrs_2,time_aware,42,3.725498149170067,2.8226436128230725,0.6218234466491779,0.7572743081222691,1888,477,250
20260422_200755_962023_xgboost_future_updrs_2_time_aware_seed42,xgboost,future_updrs_2,time_aware,42,3.8588354016249973,2.557690261535159,0.6326163593234514,0.7395888640125845,1888,477,250
20260422_200747_628631_ridge_future_updrs_3_patient_seed42,ridge,future_updrs_3,patient,42,6.296750705947798,4.727682903554399,0.626257040361295,0.8006395571869951,1930,412,273
20260422_200748_400366_random_forest_future_updrs_3_patient_seed42,random_forest,future_updrs_3,patient,42,6.330566116094284,4.463206195099398,0.6065603123033954,0.7984925587560606,1930,412,273
20260422_200747_112176_linear_regression_future_updrs_3_patient_seed42,linear_regression,future_updrs_3,patient,42,6.342466990191135,4.793847300782289,0.6466166702844486,0.7977342162129701,1930,412,273
20260422_200745_251968_xgboost_future_updrs_3_patient_seed42,xgboost,future_updrs_3,patient,42,6.388153469880763,4.637028898726199,0.6460919836069454,0.7948097725693819,1930,412,273
20260422_200747_502483_lasso_future_updrs_3_patient_seed42,lasso,future_updrs_3,patient,42,6.388190706270661,5.039617171437226,0.6180134077328002,0.7948073804648038,1930,412,273
20260422_200747_956129_ridge_future_updrs_3_time_aware_seed42,ridge,future_updrs_3,time_aware,42,8.085383938965103,5.902418511528014,0.5179242653129775,0.7893468130517736,1870,472,273
20260422_200746_118514_linear_regression_future_updrs_3_time_aware_seed42,linear_regression,future_updrs_3,time_aware,42,8.101772610874528,5.955998991340662,0.524210188535263,0.7884919804698349,1870,472,273
20260422_200747_828426_lasso_future_updrs_3_time_aware_seed42,lasso,future_updrs_3,time_aware,42,8.596987923603049,6.371851967480117,0.4962416543915526,0.7618451817744649,1870,472,273
20260422_200749_915232_random_forest_future_updrs_3_time_aware_seed42,random_forest,future_updrs_3,time_aware,42,8.635042397312814,6.1599576271186445,0.48704287930020757,0.7597321359804788,1870,472,273
20260422_200755_950796_xgboost_future_updrs_3_time_aware_seed42,xgboost,future_updrs_3,time_aware,42,9.65230885717111,6.754256002857524,0.5291844676496037,0.6997872316565399,1870,472,273
20260422_200747_825518_random_forest_future_updrs_4_patient_seed42,random_forest,future_updrs_4,patient,42,1.7713735095765228,1.2099693251533743,1.512972571983086,0.45003419076598294,1188,326,1101
20260422_200747_529781_ridge_future_updrs_4_patient_seed42,ridge,future_updrs_4,patient,42,1.7994458909161521,1.2313287655426641,1.5385038042110424,0.4324645638349963,1188,326,1101
20260422_200747_106107_linear_regression_future_updrs_4_patient_seed42,linear_regression,future_updrs_4,patient,42,1.8490530908878182,1.2704540339941974,1.5423099854707982,0.4007415571108913,1188,326,1101
20260422_200747_036344_lasso_future_updrs_4_patient_seed42,lasso,future_updrs_4,patient,42,1.9256307174443958,1.5599607159984912,1.5110482765232827,0.3500777432542779,1188,326,1101
20260422_200745_236768_xgboost_future_updrs_4_patient_seed42,xgboost,future_updrs_4,patient,42,1.9843843885705656,1.3689910620829502,1.5775542007383954,0.30981263762921174,1188,326,1101
20260422_200749_395569_random_forest_future_updrs_4_time_aware_seed42,random_forest,future_updrs_4,time_aware,42,2.2916750279341436,1.6304530744336572,1.1150524407715776,0.520029218082968,1205,309,1101
20260422_200747_955453_ridge_future_updrs_4_time_aware_seed42,ridge,future_updrs_4,time_aware,42,2.376522746455036,1.6268075888179436,1.1208894067787631,0.48383008647604864,1205,309,1101
20260422_200746_118344_linear_regression_future_updrs_4_time_aware_seed42,linear_regression,future_updrs_4,time_aware,42,2.409266542874769,1.6474308331638927,1.1237882678747562,0.46950849303598463,1205,309,1101
20260422_200755_925606_xgboost_future_updrs_4_time_aware_seed42,xgboost,future_updrs_4,time_aware,42,2.5768490326617473,1.8258162588363327,1.1847717495374215,0.39314255065558057,1205,309,1101
20260422_200748_600160_lasso_future_updrs_4_time_aware_seed42,lasso,future_updrs_4,time_aware,42,2.7181684185173607,1.9944021702916637,1.1685931897992246,0.32475487029344463,1205,309,1101
